F1,F2,F3,F4,F5,F6,F7,F8,C
1,0.73,14,2.49,2,0.89,1,0.6,True
3,0.65,15,1.51,9,0.91,1,0.68,True
-10,0.21,39,1.67,5,0.1,1,0.58,True
-12,1.45,20,-1.54,9,0.7,1,0.27,True
13,0.03,41,2.21,9,0.39,1,1.03,False
-16,0.64,10,0.61,7,0.91,1,0.39,False
8,0.37,16,1.23,10,0.44,1,0.12,True
-19,1.53,16,-1.61,2,0.09,1,0.4,False
15,1.81,9,-3.04,3,0.42,1,0.39,False
-0,0.41,12,2.12,14,0.92,1,0.04,False
-6,0.45,52,2.68,11,0.14,1,0.08,True
-9,1.34,30,-1.26,7,0.37,1,0.14,False
-12,0.55,75,2.86,8,0.65,1,0.07,True
4,0.41,48,1.82,12,0.98,1,0.59,True
10,1.12,51,1.07,10,0.18,1,0.81,False
-11,0.7,13,0.33,4,0.39,1,0.22,False
14,1.52,12,-2.34,4,0.47,1,0.14,False
-12,0.62,54,2.6,9,-0.07,1,0.14,True
7,1.24,51,1.29,10,0.76,1,0.58,True
11,1.16,41,-1.08,15,0.27,1,0.69,True
15,0.16,67,2.13,9,0.39,1,0.18,True
7,0.49,38,0.81,1,0.53,1,0.82,True
-5,0.82,66,3.34,10,0.88,1,0.41,True
-9,1.76,10,-2.37,6,0.41,1,0.84,False
-15,0.86,68,2.82,1,0.22,1,0.81,True
-17,1.59,26,-1.73,9,0.43,1,0.81,True
-8,1.53,50,0.13,3,0.27,1,0.42,False
2,1.01,53,2.48,2,0.7,1,0.43,True
3,1.14,68,2.91,3,0.83,1,0.97,True
-15,1.99,7,-2.92,3,0.42,1,0.35,False
-2,0.65,9,0.71,3,0.08,1,0.79,False
12,0.6,33,1.01,4,0.22,1,0.66,False
-18,1.28,19,-1.19,4,0.49,1,0.45,True
6,0.36,32,0.76,12,0.67,1,0.49,False
-6,1.78,31,-2.18,4,0.14,1,0.25,False
1,1.35,59,1.92,7,0.13,1,0.54,True
-0,0.08,33,1.09,11,0.1,1,0.54,True
7,1.47,2,-1.9,13,0.89,1,0.43,False
8,1.52,48,-1.25,13,0.55,1,0.98,False
19,0.41,14,-1.43,12,0.37,1,0.05,False
-10,0.71,20,0.65,4,0.22,1,0.48,False
5,1.3,19,-1.54,2,0.39,1,0.45,False
7,1.28,26,-1.43,11,0.41,1,0.57,False
-14,0.64,19,0.95,8,0.63,1,0.87,True
1,0.54,15,1.02,9,0.67,1,0.6,False
16,0.28,70,2.53,9,0.49,1,0.42,True
7,0.47,61,2.12,7,0.15,1,0.2,True
-11,0.3,10,1.96,10,0.33,1,0.44,True
-15,1.1,6,-1.2,12,0.16,1,0.93,True
0,0.01,51,2.64,6,0.97,1,0.05,True
-10,1.28,11,-1.27,2,0.79,1,0.17,True
5,0.82,1,-1.16,4,0.52,1,0.08,True
0,0.63,74,2.8,7,0.44,1,0.38,True
-12,1.07,5,-1.17,1,-0.01,1,0.76,True
12,2.06,11,-3.61,8,0.61,1,0.22,False
13,0.97,44,1.01,11,0.35,1,0.27,True
13,0.51,52,1.47,6,0.53,1,0.54,False
7,0.9,34,0.67,10,0.26,1,0.73,False
-16,0.31,21,1.1,10,0.36,1,0.41,True
-1,0.29,4,0.28,13,0.88,1,0.43,False
9,0.32,46,1.42,2,0.06,1,0.56,True
3,0.97,42,2.2,8,0.36,1,0.46,False
8,0.23,44,1.92,8,0.96,1,0.31,True
-5,0.96,71,2.67,9,0.63,1,0.61,True
19,1.42,4,-2.41,8,0.12,1,0.29,False
-4,0.66,33,1.81,12,0.24,1,0.61,False
4,1.48,38,-1.38,4,0.28,1,0.8,True
17,0.96,15,-1.57,12,0.79,1,0.97,False
-13,1.62,9,-1.81,11,0.05,1,0.13,False
-13,0.55,59,1.91,3,0.36,1,0.15,True
7,1.68,32,-2.15,9,0.46,1,0.48,False
11,0.29,9,-0.94,14,0.52,1,0.32,True
12,0.43,24,0.92,10,0.34,1,0.67,False
-1,0.8,16,1.71,10,0.61,1,0.11,False
10,0.43,29,1.75,8,0.17,1,0.83,False
12,1.77,19,-2.7,2,0.41,1,1.04,False
7,1.47,19,-1.72,15,0.15,1,0.54,False
-13,0.82,24,0.92,5,0.06,1,0.48,True
14,1.27,23,-1.89,13,0.49,1,0.29,True
-6,1.34,45,2.14,6,0.77,1,0.5,True
-12,1.31,43,2.16,6,0.13,1,0.14,True
-12,0.11,52,2.52,9,0.37,1,0.28,True
-10,0.94,27,0.78,12,0.75,1,0.28,False
17,1.85,21,-3.22,1,0.84,1,0.66,False
-9,1.88,22,-2.49,15,0.39,1,0.03,False
-9,0.73,67,2.86,4,0.89,1,0.62,True
-12,0.57,31,1.71,1,0.75,1,0.66,True
11,1.43,7,-1.93,3,0.68,1,0.04,True
16,0.63,21,-1.39,6,0.29,1,0.38,True
-8,0.32,5,0.87,5,0.81,1,0.63,True
14,0.61,61,1.92,5,0.89,1,0.81,True
-8,0.53,68,3.68,8,0.78,1,0.42,True
9,1.36,20,-1.72,5,1.13,1,0.97,False
-6,0.45,60,1.97,5,0.4,1,0.11,True
-15,1.22,67,2.22,4,0.12,1,0.13,True
-19,1.95,16,-2.75,9,0.11,1,0.62,False
5,0.02,0,0.98,7,0.44,1,0.6,False
4,0.46,46,1.17,6,0.14,1,0.28,True
-4,1.33,54,1.75,7,0.67,1,0.48,False
2,1.77,37,-2.06,5,0.58,1,0.87,False
-9,0.08,43,2.29,15,0.9,1,0.65,True
20,0.9,31,-1.58,1,0.52,1,0.05,False
3,1.14,8,-1.27,4,0.41,1,0.63,True
-0,0.16,5,1.89,11,1.01,1,0.11,False
-13,1.78,68,0.69,11,0.45,1,0.74,False
18,1.1,5,-1.93,12,0.2,1,0.02,False
9,0.18,60,2.09,1,0.16,1,0.55,True
-1,0.46,44,2.15,6,0.67,1,0.34,False
-15,1.09,18,0.74,13,0.84,1,0.62,True
-4,1.5,29,-1.55,3,0.71,1,0.73,False
7,0.2,30,0.71,4,0.54,1,0.36,False
18,0.48,67,2.55,10,0.28,1,0.18,True
14,1.03,26,-1.38,14,0.57,1,0.92,False
-15,0.98,50,1.95,12,0.63,1,0.7,True
-13,0.98,27,1.5,6,0.79,1,0.54,True
18,1.45,1,-2.5,14,0.82,1,0.73,False
-18,1.16,24,1.45,4,0.89,1,0.9,True
-7,0.51,3,1.3,4,0.25,1,0.43,False
18,0.78,60,0.54,14,0.26,1,0.42,True
-13,1.57,4,-1.9,3,0.1,1,0.56,True
-5,0.56,68,3.27,1,0.08,1,0.93,True
-3,1.22,20,-1.31,7,0.65,1,0.43,True
-16,0.91,47,2.15,2,0.67,1,0.33,False
-14,0.6,15,1.72,5,0.54,1,0.56,False
17,0.05,19,-1.2,15,0.52,1,0.98,True
4,0.34,70,2.42,4,0.68,1,0.57,True
-12,1.47,2,-1.69,2,0.72,1,0.19,True
6,1.89,50,-2.07,9,0.16,1,0.2,False
9,1.51,36,-1.63,11,0.63,1,0.99,False
-12,1.77,20,-2.22,5,0.41,1,0.95,False
-14,0.96,16,1.47,4,-0.01,1,0.86,False
-6,1.73,7,-2.28,9,0.62,1,0.08,False
-1,1.58,9,-1.99,13,0.29,1,0.73,False
-5,1.63,3,-1.97,9,0.54,1,0.99,False
18,0.11,71,3.67,4,0.06,1,0.85,True
-18,1.2,32,1.04,11,0.78,1,0.56,False
-15,0.52,15,2.01,4,0.22,1,0.14,True
10,1.12,18,-1.29,11,0.32,1,0.4,False
-5,1.82,1,-2.57,3,0.89,1,0.3,False
-19,0.98,9,1.3,4,0.34,1,0.72,False
-11,0.65,40,1.36,4,0.14,1,1.03,False
-9,0.6,48,2.25,11,0.46,1,0.97,True
-10,1.25,21,-1.1,7,0.71,1,0.42,True
13,1,20,-1.42,0,0.38,1,0.02,True
4,0.62,61,2.26,15,0.45,1,0.38,True
9,1.09,19,-1.41,4,0.11,1,0.46,False
3,0.97,22,-1.14,15,0.44,1,0.65,True
-1,1.18,1,-1.33,2,0.86,1,0.84,False
12,1.11,64,2.8,5,0.26,1,0.19,True
-7,0.15,51,2.6,5,0.61,1,0.53,True
13,0.71,56,1.38,0,0.33,1,0.03,True
-19,0.18,61,3.14,4,0.55,1,0.49,True
18,1.7,2,-2.99,12,0.17,1,0.89,False
-7,0.34,20,1.68,12,0.98,1,0.38,False
-20,0.09,47,1.89,4,0.47,1,0.99,True
-12,1.33,3,-1.37,2,0.93,1,0.44,True
-10,1,4,-0.97,6,0.04,1,0.01,False
-12,0.1,58,1.64,9,0.23,1,0.57,True
11,1.26,34,-1.41,3,0.56,1,0.85,False
5,1.07,1,-1.23,3,0.14,1,0.26,False
-12,0.95,17,1.78,2,0.36,1,0.37,False
9,1.26,15,-1.61,11,0.94,1,0.06,True
19,0.76,45,-0.97,10,0.06,1,0.15,False
19,0.68,72,3.06,14,0.88,1,0.49,True
-7,1.45,69,3.15,6,0.81,1,0.75,True
-7,1.04,9,-1.09,7,0.57,1,0.85,False
-10,0.59,16,0.93,3,0.15,1,0.26,True
12,0.47,15,-1.01,14,0.89,1,0.35,True
14,0.45,12,-1.14,11,0.87,1,0.24,True
11,0.06,15,1.07,8,0.74,1,0.05,False
12,1.48,67,1.74,3,0.7,0,0.25,True
3,1.58,50,-1.22,6,0.51,1,0.31,False
4,2,11,-3.14,1,0.51,0,0.83,False
-13,1.87,65,-1.01,12,0.98,1,0.59,True
14,1.53,2,-2.33,12,0.95,1,0.32,False
0,0.8,13,1.44,11,0.54,1,0.06,False
-16,1.53,5,-1.68,2,0.38,1,0.71,True
-19,0.37,65,3.01,4,0.93,1,0.31,True
20,0.96,19,-1.73,5,0.4,1,0.65,True
2,0.32,55,3.09,7,0.93,1,0.18,True
-6,1.57,5,-1.95,10,0.31,1,0.24,False
-8,0.73,21,1.96,14,0.57,1,0.23,False
-2,0.75,31,0.79,7,0.15,1,0.22,True
10,1.08,30,-1.15,15,0.2,0,0.49,True
2,1.6,31,-1.81,15,0.54,1,0.72,True
4,0.49,2,1.2,12,0.81,1,0.52,False
18,1.95,28,-3.47,15,-0.06,1,0,False
-10,1.45,10,-1.58,8,0.21,1,0.36,False
-15,1.65,20,-1.97,6,0.61,1,0.86,False
-11,1.86,23,-2.45,5,0.61,1,0.56,False
-14,0.49,6,1.11,7,0.09,1,0.04,True
7,0.99,12,-1.3,9,0.2,0,0.7,True
-17,1.21,78,3.07,10,0.86,1,0.33,True
-12,0.87,1,0.89,3,0.63,1,0.53,False
-14,0.54,39,1.58,10,0.24,1,0.78,False
-19,0.25,5,1.2,5,0.67,1,0.1,False
1,1.3,63,1.44,11,0,1,0.17,True
10,1.33,30,-1.59,-1,0.8,1,0.07,True
15,1.57,25,-2.26,7,0.26,1,0.18,False
1,1.79,48,-1.78,11,0.93,1,0.42,False
17,0.44,54,2.17,9,0.52,1,0.86,False
18,1.33,21,-2.03,14,0.68,1,0.01,False
13,0.54,29,0.77,2,0.74,1,0.7,True
-14,1.66,34,-1.59,5,0.95,1,0.32,False
-3,1.55,8,-1.83,12,0.86,1,0.02,True
14,0.25,64,2.98,12,0.97,1,0.65,True
2,0.24,18,1.71,5,0.52,1,0.4,False
-10,1.31,51,0.94,4,0.25,1,0.24,True
-4,1.04,20,0.58,11,0.64,1,0.85,True
6,0.11,75,3.12,8,0.68,1,0.47,True
9,1.01,25,-1.14,0,0.27,1,0.04,False
2,1.63,72,1.67,12,0.93,1,0.16,False
-3,0.56,11,1.13,11,0.93,1,0.67,True
-21,1.85,62,-1.09,1,0.93,1,0.84,False
-14,1.71,71,2.53,7,0.27,1,0.05,True
-18,1.22,33,0.85,7,0.49,1,0.69,False
3,1.94,27,-2.82,8,0.88,1,0.79,False
-18,1.11,38,2.81,7,0.51,0,0.05,False
8,1.76,8,-2.58,4,0.06,1,0.83,False
13,1.5,22,-1.97,3,0.85,1,0.35,False
3,0.7,16,0.79,15,0.27,1,0.8,False
6,1.45,10,-1.83,13,0.83,1,0.86,False
9,0.94,26,-1.22,12,0.03,1,0.7,True
-17,1.16,5,-1.09,3,0.85,1,0.53,True
11,1.27,63,1.49,10,0.19,1,0.39,True
-3,0.06,37,2.25,9,0.8,1,0.16,False
19,0.48,55,1.5,11,0.19,1,0.39,True
13,1.28,21,-1.59,6,0.79,1,0.21,True
-1,1.79,24,-2.43,4,0.55,1,0.41,False
5,0.85,3,-1.08,4,0.41,1,0.99,True
-8,1.59,4,-1.99,12,0.28,1,0.53,False
2,1.63,18,-2.04,7,0.22,1,0.03,False
-2,0.44,3,0.7,13,0.82,1,0.71,True
-12,0.49,39,1.28,8,0.79,1,0.2,False
6,0.76,8,-1.1,-1,0.05,1,0.78,True
11,0.66,23,-1.05,1,0.65,1,0.8,False
-8,0.39,6,1.02,11,0.68,1,0.32,False
17,0.85,22,-1.45,3,0.04,1,0.2,False
15,1.55,25,-2.19,11,0.24,1,0.97,False
-8,0.21,11,1.54,14,0.35,1,0.61,False
-17,0.95,41,2.39,0,0.15,1,0.54,False
-1,0.71,35,0.16,1,0.01,1,0.18,True
10,0.75,44,2.31,10,0.65,1,0.78,True
-13,1.35,39,1.46,10,0.36,1,0.08,True
-14,1.03,1,-1.06,3,0.52,1,0.28,False
8,0.66,11,-1.07,13,0.36,1,0.39,False
18,2.09,60,-2.68,9,1.02,1,0.07,False
-18,1.2,45,0.87,7,0.73,1,0.26,False
9,0.78,7,-1.18,13,0.12,1,0.65,True
-4,0.38,71,4.08,6,1.05,1,0.25,True
8,0.26,45,0.6,13,0.47,1,0.8,False
-12,0.85,19,0.78,5,0.69,1,0.69,True
3,1.83,54,-1.78,10,0.41,0,0.17,False
7,0.45,11,1.1,7,0.85,1,0.47,True
14,1.23,3,-1.91,10,0.88,1,0.27,True
-6,1.44,12,-1.59,9,0.51,1,0.19,True
20,1.55,30,-2.37,4,0.6,1,0.42,False
-12,1.65,73,2.07,14,0.2,1,0.08,True
-7,1.53,13,-1.71,1,0.73,1,0.37,False
2,1.96,32,-2.75,5,0.55,1,0.95,False
20,0.74,70,1.84,2,0.8,0,0.18,True
3,1.08,4,-1.28,4,0.56,1,0.45,True
-5,1.68,35,-1.79,4,0.3,1,0.75,False
10,1.95,20,-3.08,13,0.91,1,0.22,False
10,0.87,41,0.94,12,0.77,1,0.1,False
-14,0.8,3,0.76,7,0.83,1,0.52,True
-17,1.02,35,2.22,14,0.44,1,0.03,True
-5,0.48,21,1.08,9,0.85,1,0.32,False
11,0.73,60,2.34,12,0.24,0,0.15,True
8,0.66,68,2.24,1,0.81,1,0.2,True
-3,1.58,39,-1.46,13,0.96,1,0.33,False
-8,0.1,21,1.63,14,0.26,1,0.51,True
7,1.7,44,-1.88,12,0.75,1,0.4,True
6,1.17,47,1.85,2,0.38,1,0.56,False
15,1.91,30,-3.16,6,0.69,1,0.33,False
13,0.78,18,-1.32,13,0.53,1,0.99,False
17,1.44,63,0.43,4,0.88,1,0.37,True
0,1.78,11,-2.51,8,0.06,0,0.79,False
22,1.13,20,-2.05,9,0.76,0,0.45,False
19,0.68,2,-1.67,2,0.63,1,0.34,True
-3,1.02,20,1.67,2,0.01,1,0.49,True
3,1.2,31,-1.17,8,0.37,1,0.07,False
-16,0.37,32,1.72,10,0.87,1,0.03,False
-8,0.91,46,1.78,5,0.37,1,0.64,False
-5,1.37,16,-1.31,8,0.7,1,0.74,True
5,0.15,67,2.57,5,0.35,1,0.85,True
15,0.07,37,1.23,8,0.81,1,0.78,True
17,1.24,20,-1.95,10,0.99,1,0.61,False
-8,0.3,19,1.94,11,0.07,1,0.34,True
-18,0.04,13,1.2,8,0.13,1,0.8,False
-2,0.47,56,2.24,14,0.01,1,0.6,True
-13,0.66,9,0.11,4,0.83,1,0.13,False
-14,1.75,66,1.77,10,0.92,1,0.78,True
-10,0.54,69,3.28,9,0.24,1,0.66,True
16,0.56,72,2.38,3,0.34,1,0.04,True
-13,0.61,14,1.9,9,0.46,1,0.28,False
-12,1.59,55,1.36,4,0.37,1,0.48,False
-18,0.01,61,2.84,3,0.83,1,0.71,True
-9,0.46,65,2.75,5,0.3,1,0.59,True
17,0.88,60,1.1,14,0.17,1,0.7,True
-14,0.91,21,1.05,11,0.63,1,0.73,False
12,0.53,70,3.43,13,0.95,1,0.36,True
-7,1.9,28,-2.48,1,0.96,1,0.81,False
8,0.67,71,2.76,11,0.27,1,0.21,True
6,1.2,64,2,11,0.5,1,0.71,True
9,1.85,12,-2.94,10,0.87,1,0.77,False
3,0.43,50,1.94,12,0.79,1,0.42,True
2,0.27,37,1.99,16,0.12,1,0.63,True
-0,1.5,44,-1.28,-0,0.03,1,0.55,True
-16,1.97,9,-2.94,16,0.25,1,0.42,False
15,0.5,23,-1.15,1,0.21,1,0.39,True
20,1.03,32,-1.68,6,0.06,1,0.15,False
10,0.83,44,1.5,8,0.86,1,0.12,False
-6,0.66,72,2.65,10,0.66,1,0.61,True
17,0.97,15,-1.71,13,0.46,1,0.88,True
-7,1.18,38,-0.11,9,0.11,1,0.71,False
-7,1.42,17,-1.49,12,0.86,1,0.44,False
-15,1.34,36,-1.07,9,0.67,1,0.98,True
6,0.63,22,1.38,13,0.84,1,0.22,False
-6,1.11,8,-1.23,15,0.63,0,0.67,False
-10,1.19,29,1.22,8,0.13,1,0.7,False
4,0.88,13,-1.1,15,0.65,1,0.61,True
2,1.01,23,-0.96,0,0.81,1,0.19,False
-12,0.47,9,1.43,1,0.78,1,0.3,False
7,1.86,42,-2.36,6,0.44,1,0.6,False
11,1.1,71,2.59,16,0.95,1,0.35,True
8,0.43,4,-1.13,12,0.13,1,0.54,False
2,0.36,49,1.93,6,0.77,1,0.76,True
-8,0.21,59,2.52,4,0.68,1,0.68,True
18,1.95,43,-3.08,3,0.67,1,0.13,False
-4,0.89,11,1.31,3,0.07,1,0.86,False
20,0.07,7,-1.42,10,0.95,1,0.41,False
-5,1.5,64,1.68,-0,0.16,1,1,False
15,0.32,13,-1.18,15,0.16,1,0.87,True
19,1.17,61,1.01,6,0.68,1,0.02,False
-7,0.35,43,1.84,4,0.02,1,0.15,True
-10,1.57,54,1.96,8,0.62,1,0.94,True
6,2.01,27,-3.12,10,0.75,1,0.38,False
13,0.46,35,1.72,3,0.44,1,0.14,False
19,2.12,1,-4.15,4,0.19,1,0,False
-18,1,5,1.05,-0,0.97,1,0.48,True
-6,1.27,37,0.09,12,0.72,1,0.53,False
14,0.17,14,-1.22,-1,0.3,1,0.11,False
-8,1.29,14,-1.36,12,0.57,1,0.42,True
-6,1.57,5,-1.96,7,0.03,1,0.1,False
-7,0.02,50,2.08,5,0.85,1,0.6,True
3,0.79,49,1.82,7,0.3,1,0.81,False
19,1.86,53,-2.58,7,0.59,1,0.48,False
9,1.26,6,-1.67,11,0.29,1,0.77,False
2,1.31,4,-1.63,12,0.13,1,0.64,True
19,1.73,13,-3.03,11,0.24,1,0.71,False
5,1.47,64,1.77,6,0.53,1,0.45,False
5,0.31,11,1.08,14,0.05,1,0.82,False
3,0.8,1,-1.01,7,0.56,1,0.32,True
-6,0.03,52,1.45,6,0.72,1,0.12,True
-2,0.35,55,1.36,14,0.27,1,0.53,True
-19,0.67,1,2,13,0.96,1,0.55,True
-12,0.54,24,1.49,1,1,1,0.95,True
20,0,15,-1.35,1,0.97,1,0.01,False
-7,1.48,74,2.07,13,-0.04,1,0.69,True
-3,1.67,66,1.11,10,0.5,1,0.18,False
12,1.44,5,-2.05,12,0.41,1,0.66,False
-4,0.6,20,0.57,3,0.61,1,0.34,False
-11,0.18,9,1,2,0.95,1,0.51,True
-3,0.84,38,1.73,3,0.51,1,0.01,False
3,0.26,48,2.03,6,0.18,1,0.77,True
1,1.05,65,1.55,15,0.67,1,0.24,True
7,0.71,27,0.72,8,0.86,1,0.56,True
-5,0.34,14,1.43,5,0.34,1,0.61,False
-8,0.56,77,3.6,12,0.27,1,0.6,True
-6,0.79,21,1.33,6,0.41,1,1,False
14,0.79,36,-0.99,1,0.38,1,0.02,True
7,0.66,53,2.23,7,0.23,1,0.03,True
4,1.26,26,-1.24,11,0.7,1,0.53,False
16,1.13,5,-1.8,3,0.96,1,0.88,False
3,1.15,33,-0.99,14,0.92,1,0.14,True
-11,1.24,13,-1.24,9,-0.03,1,0.63,False
-12,1.64,30,-1.78,9,0.91,1,0.08,True
-3,1.5,21,-1.61,6,0.05,1,0.98,False
9,1.33,56,2.44,10,0.35,1,0.1,True
-5,0.5,19,1.45,9,0.93,1,0.13,False
-7,1.14,70,1.92,3,0.44,0,0.75,True
10,1.53,67,1.31,11,0.72,1,0.68,True
-16,0.8,24,0.86,10,0.81,1,0.19,False
4,0.62,32,2.01,7,0.9,1,0.19,False
17,0.81,19,-1.52,10,0.32,1,0.26,False
10,0.03,42,1.82,5,0.87,1,0.56,True
-12,1.33,19,-1.32,13,0.54,1,0.07,True
12,0.74,6,-1.31,3,0.5,1,0.44,True
11,0.66,33,1.26,11,0.17,0,0.86,False
-0,1.24,66,2.51,7,0.14,1,0.28,True
5,0.25,20,0.61,7,0.58,1,0.34,False
10,1.52,21,-2.06,7,0.67,1,0.23,True
-10,1.43,45,0.32,9,0.4,1,0.55,False
-20,0.84,0,0.77,0,0.07,1,0.13,True
-12,0.1,60,3.22,14,0.46,1,0.83,True
-18,2,15,-2.93,3,0.32,1,0.91,False
-18,0.51,12,2.1,13,0.37,1,0.56,False
13,1.6,43,-1.81,-0,0.97,1,0.68,False
-8,0.46,13,1.58,13,0.18,1,0.32,True
-6,0.11,7,2.71,2,0.61,1,0.62,True
-21,0.68,63,2.25,14,0.78,1,0.88,True
-14,0.9,11,1.38,9,0.13,1,0.63,False
0,0.8,59,1.86,2,0.37,1,0.41,True
-11,0.83,26,0.55,12,0.57,1,0.57,False
-8,0.01,38,0.69,15,0.44,1,0.28,True
10,0.99,37,1.34,10,0.09,1,0.05,True
11,0.25,50,0.44,13,0.9,1,0.46,True
-16,0.14,27,2.29,10,0.5,1,0.93,False
8,1.83,14,-2.79,9,0.05,1,0.5,False
-5,1.76,10,-2.29,1,0.67,1,0.24,False
6,0.42,2,1.35,13,0.5,1,0.3,False
-3,0.12,13,1.34,9,0.54,1,0.01,False
-19,1.58,63,1.69,5,0.05,1,0.34,True
-7,1.87,41,-2.11,4,0.43,1,0.66,True
5,0.64,16,0.62,7,0.55,1,0.55,False
-13,0.48,28,1.48,5,0.67,1,0.9,True
12,0.56,76,3.84,14,0.21,1,0.91,True
2,1.76,12,-2.34,11,0.83,1,0.85,False
-2,0.63,27,2.03,11,0.67,1,0.68,False
20,1.82,12,-3.38,12,0.66,1,0.35,False
-5,1.93,32,-2.63,4,0.17,1,0.46,False
14,1.82,55,-2.06,1,0.7,1,0.93,False
8,0.35,61,3.19,4,0.47,1,1.01,True
9,1.52,73,2.48,3,0.6,1,0.72,True
19,1.54,9,-2.57,4,0.99,1,0.92,False
-9,1.36,30,-1.26,3,0.33,1,0.37,True
3,0.65,30,0.35,12,0.7,1,0.9,True
-0,0.18,1,1.04,8,0.09,1,0.97,False
-16,1.46,8,-1.57,8,0.35,1,0.13,False
-6,1.41,2,-1.68,12,0.72,1,0.56,False
-20,1.08,58,1.84,13,0.06,1,0.93,True
0,1.09,24,-1.07,6,0.1,1,0.91,True
8,1.96,44,-2.59,2,0.6,1,0.15,False
6,0.43,22,2.32,4,0.28,1,0.52,False
-16,0.98,30,1.04,6,1.02,1,0.23,False
18,0.76,66,1.05,15,0.5,1,0.6,True
-1,0.11,67,4.09,10,0.33,1,0.26,True
17,0.97,55,0.47,8,0.76,1,0.95,True
12,0.53,24,-1.01,9,0.89,1,0.71,False
16,0.94,46,1.39,6,0.28,1,0.55,False
14,1.9,75,-1.23,5,0.4,1,0.78,True
19,0.83,56,1.63,3,0.42,1,0.14,False
9,0.81,13,-1.16,16,0.86,1,0.79,False
-10,0.72,2,2.11,8,0.88,1,0.85,True
1,1.35,11,-1.56,6,0.04,1,0.94,False
-14,1.07,52,2.05,0,0.2,1,0.94,False
-3,1.41,63,1.74,7,0.86,1,0.53,True
14,0.31,68,2.79,13,0.78,1,0.58,True
13,0.3,49,1.39,13,0.06,1,0.91,True
13,0.91,13,-1.31,4,-0.06,1,0.4,False
-18,1.57,5,-1.89,12,0.08,1,0.79,True
2,0.25,36,0.63,1,0.27,1,0.18,True
-4,0.66,41,1.94,15,0.98,1,0.12,False
-11,0.02,22,1.59,13,0.22,1,0.57,True
-4,0.42,17,2.29,14,0.3,1,0.51,True
13,1.54,67,0.85,12,0.17,1,0.28,True
17,0.93,18,-1.75,7,0.41,1,0.33,True
14,1.48,15,-2.23,10,0.26,1,0.02,False
-2,1.86,27,-2.47,13,0.06,1,0.94,False
11,1.76,2,-2.79,6,0.63,1,0.57,False
-0,1.1,10,-1.32,15,0.21,1,0.32,False
22,0.18,3,-1.6,16,0.27,1,0.22,False
14,1.27,75,2.44,0,0.12,1,0.45,True
-11,0.65,55,3.29,2,-0.03,1,0.06,True
-8,1.55,36,-1.47,9,0.93,1,0.75,False
-3,0.45,2,0.71,13,0.9,1,0.86,True
-9,1,20,0.77,12,0.42,1,1.03,False
10,0.23,13,1.03,9,0.21,1,0.75,False
-3,1.57,65,2.25,2,0.66,1,0.18,False
3,0.82,24,1.58,12,0.19,1,0.51,True
6,0.17,20,1.68,5,1.07,1,0.26,True
15,1.19,18,-1.71,11,0.97,1,0.64,False
18,2.01,17,-3.85,2,0.83,1,0.28,False
20,0.7,4,-1.82,8,0.49,1,0.66,True
12,0.33,6,-1.21,10,0.7,1,0.74,True
-20,0.66,10,0.46,4,0.21,1,0.68,False
9,0.92,15,-1.16,10,0.58,1,0.21,False
-12,0.52,5,1.74,14,0.86,1,0.17,False
5,1.48,67,1.89,13,0.14,1,0.97,True
-5,1.45,5,-1.71,2,0.24,1,0.76,False
14,1.62,9,-2.55,2,0.06,1,0.58,False
14,0.18,43,0.31,12,0.7,1,0.73,True
4,1.68,16,-2.26,1,0.51,1,0.6,False
-15,0.43,65,3.2,12,0.67,1,0.99,True
18,1.5,2,-2.58,10,0.63,1,0.94,False
2,2,9,-3.11,1,0.37,1,1.03,False
-13,0.82,23,2.38,4,0.03,1,0.78,False
18,0.05,29,-1.11,11,0.77,1,0.79,True
9,1.39,59,1.44,7,0.85,1,0.94,True
17,1.69,5,-2.84,1,0.56,1,0.38,False
-1,1.44,63,1.99,5,1.01,1,0.92,True
-16,1.21,21,-1.1,5,0.71,1,0.38,True
-9,0.31,15,1.34,7,0.23,1,0.59,False
-5,0.27,64,1.95,11,0.5,1,1.08,True
17,0.91,19,-1.65,4,0.09,1,0.35,False
-14,1.67,30,-1.89,6,1.02,1,0.55,False
7,0.8,8,-1.15,12,0.67,1,0.83,True
9,1.2,4,-1.59,8,0.47,1,0.03,True
-11,1.27,72,3.08,11,0.47,1,0.71,True
-2,0.36,68,2.63,9,0.89,1,0.37,True
6,0.97,24,-1.16,2,0.67,1,0.14,True
-14,1.12,58,1.14,4,0.32,1,0.04,True
-18,1.83,68,0.79,3,0.36,1,0.16,True
10,1.66,60,-1.11,11,0.12,1,0.26,False
15,1.26,6,-1.87,2,0.4,1,0.64,True
-6,0.76,4,1.15,2,0.69,0,0.24,True
13,1.11,42,-1.18,8,0.67,0,0.27,False
15,0.62,22,-1.22,7,0.6,1,0.35,True
-2,0.62,42,1.63,11,1,1,0.85,True
1,0.42,15,1.47,7,0.79,1,0.78,True
-12,0.8,52,1.93,9,0.27,1,0.63,True
13,1.86,18,-2.99,3,0.56,1,0.06,False
13,1.05,4,-1.69,16,0.44,1,0.27,False
11,0.7,5,-1.26,11,0,1,0.19,False
-8,0.56,51,1.74,12,0.53,1,0.69,True
-7,1.66,24,-1.89,6,0.22,1,0.72,False
8,1.32,4,-1.76,15,0.48,1,0.3,True
8,0.63,33,2.01,14,0.83,0,0.23,True
17,1.55,44,-1.98,2,0.99,1,0.19,False
-6,1.82,49,-1.79,2,0.81,1,0.22,False
9,0.1,63,2.53,13,0.01,1,0.69,True
16,0.4,12,-1.38,5,0.12,1,0.96,False
-6,0.51,15,1.26,12,0.24,1,0.38,True
8,0.18,10,1.45,10,0.65,1,0.49,False
17,1.86,28,-3.17,14,0.08,1,0.5,False
-15,1.64,36,-1.67,13,0.87,1,0.52,False
6,0.64,1,-0.99,13,0.15,1,0.28,False
17,0.65,16,-1.37,5,0.22,1,0.55,True
-19,0.56,3,0.82,15,0.54,1,0.88,False
-18,0.15,20,1.32,11,0.39,1,0.69,False
9,1.57,9,-2.14,10,0.57,1,0.02,False
19,1.98,53,-2.96,1,-0.03,1,0.5,False
-15,0.82,18,1.01,15,0.3,1,0.47,True
13,0.62,32,1.45,15,0.79,1,0.21,False
11,0.31,69,2.86,8,0.27,1,0.34,True
-14,1.35,62,1.79,6,0.08,1,0.19,True
-11,1.66,10,-2.03,9,0.19,1,0.92,False
-18,0.66,1,1.24,12,0.37,1,0.04,True
13,1.57,46,-1.84,8,0.49,1,0.44,False
19,0.36,66,2.98,1,0.68,1,0.42,True
18,0.41,0,-1.54,13,0.53,1,0.24,True
8,0,71,2.58,4,0.34,1,0.6,True
-0,0.38,29,1.63,12,0.96,1,0.22,False
7,1.92,59,-1.78,13,0.04,1,0.24,False
-4,0.05,4,0.79,4,0.29,1,0.37,False
18,1.92,55,-2.45,10,0.22,1,0.96,False
0,1.51,16,-1.77,8,0.49,1,0.02,True
10,2.1,51,-2.78,2,0.51,1,0.33,False
-1,1.28,60,2.11,4,0.24,1,0.01,True
-9,0.09,7,1.54,14,0.02,1,0.64,True
13,0.73,6,-1.28,15,0.47,1,0.25,True
18,0.58,21,-1.46,11,0.55,1,0.67,True
3,0.14,27,1.71,7,0.66,0,0.14,False
3,0.31,6,1.67,11,0.52,1,0.59,False
10,1.62,61,1.55,9,0.75,1,0.15,False
-16,1.81,18,-2.34,7,0.24,1,0.48,False
-5,1.51,10,-1.75,10,0.44,1,0.77,True
8,0.89,42,1.13,4,0.43,1,0.84,False
-14,1.15,32,1.67,14,1.06,1,0.19,False
10,1.59,6,-2.25,5,0.19,1,0.68,False
12,0.49,2,-1.24,16,0.09,1,0.46,False
6,1.45,19,-1.79,14,0.81,1,0.73,False
8,1.27,11,-1.54,9,0.15,1,0.27,False
-8,1.77,4,-2.41,9,0.89,1,0.69,False
-6,0.88,74,3.79,1,0.21,1,0.3,True
2,0.63,2,1.39,7,0.02,0,0.04,True
16,1.23,14,-1.88,9,0.81,1,0.05,True
-4,1.63,63,0.91,4,0.03,1,0.41,True
-11,1.1,26,1.26,6,-0.04,1,0.57,True
-8,0.77,35,0.79,9,0.47,1,0.05,True
-15,1.23,10,-1.21,7,0.69,1,0.04,True
18,1.06,61,1.57,8,0.89,1,0.35,False
13,1.84,22,-3,6,0.28,1,0.16,False
-2,1.68,23,-1.96,5,0.93,1,0.32,False
-9,1.55,15,-1.7,5,0.23,1,0.85,False
5,1.37,37,-1.28,7,0.34,1,0.86,True
8,1.13,18,-1.41,4,0.29,1,0.56,True
0,0.27,17,2.02,10,0.07,1,0.23,True
-9,0.89,61,1.28,7,0.67,1,0.8,True
-1,1.68,71,1.81,12,0.36,1,0.04,True
1,0.84,14,2.51,4,0.89,1,0.38,True
-10,0.9,46,1.12,3,0.63,1,0.67,True
-6,1.14,10,-1.09,3,0.08,1,0.05,False
-12,0.93,23,1.49,1,0.91,1,0.84,True
2,1.65,46,-1.54,9,0.72,1,0.52,False
-11,1.74,75,2.15,-1,0.5,1,0.64,True
19,1.17,6,-2.06,12,0.37,1,0.21,False
-0,0.54,8,1.11,12,0.7,1,0.36,False
-8,1.53,7,-1.81,7,0.64,1,0.08,False
-10,0.52,9,1.7,12,0.86,1,0.73,True
-9,0.85,43,2.33,15,0.33,1,0.85,False
-9,1.35,70,1.66,2,0.42,1,0.69,True
-12,0.44,1,-0.06,2,0.67,1,0.72,True
19,0.57,34,-1.21,15,0.68,1,0.17,False
-15,1.26,35,1.9,10,0.22,1,0.32,True
-16,1.4,14,-1.42,2,1.03,1,0.92,False
1,0.91,56,3.45,7,0.52,1,0.63,True
3,1.25,22,-1.3,13,0.27,1,0.79,True
-1,1.08,12,-1.23,4,0.89,1,0.52,True
4,1.47,3,-1.94,14,0.29,1,0.13,False
14,0.16,16,-1.07,4,0.91,1,0.61,False
-2,1.24,46,1.53,1,0.73,1,0.43,False
1,0.89,50,0.7,2,0.43,0,0.22,False
-9,1.48,24,-1.43,1,0.26,1,0.33,False
9,0.03,15,1.64,9,-0.01,1,0.07,True
19,1.84,57,-2.18,14,0.69,1,1.03,False
1,1.04,26,1.21,9,0.44,1,0.23,False
12,1.02,68,2.42,11,0.62,1,0.99,True
12,1.87,14,-3.07,10,0.78,0,0.92,False
-1,0.33,33,1.55,3,0.78,1,0.37,True
-10,0.81,69,3.35,2,0.39,1,0.55,True
-10,1.56,7,-1.74,14,0.51,1,0.6,True
1,0.22,50,3.19,15,0.74,1,0.68,True
5,0.31,7,1,3,0.49,1,0.35,False
-3,1.9,72,1.71,1,0.91,1,0.18,False
12,0.88,46,1.7,12,0.54,1,0.77,False
11,0.51,25,0.46,9,0.22,1,0.35,True
7,0.96,65,2.39,8,0.47,1,0.31,True
-19,0.25,17,0.4,9,0.21,1,0.03,True
-1,1.74,70,1.49,11,0.63,1,0.13,False
-10,2.03,3,-3.12,11,0.47,1,0.75,False
0,1.1,14,-1.22,1,0.87,1,0.87,False
-8,0.86,68,3.37,8,0.85,1,0.41,True
2,1.7,34,-1.97,8,0.51,1,0.15,True
-12,0.27,72,3.84,8,0.78,1,0.78,True
-8,0.73,2,1.9,2,0.26,0,0.64,False
-20,1.16,61,1.56,3,0.56,1,0.58,True
-3,0.26,10,2.41,-0,0.76,1,0.65,True
13,0.43,28,1.07,4,0.95,1,0.1,False
-15,1.18,64,2.63,14,0.47,1,0.46,True
18,1.65,55,-1.79,8,0.78,1,0.18,True
-15,1.41,9,-1.58,14,0.79,1,0.99,False
17,1.64,4,-2.78,2,0.56,1,0.21,False
-15,0.52,26,1.62,2,0.76,1,0.01,False
3,0.41,30,1.51,12,0.28,1,0.21,True
17,1.36,44,-1.58,1,0.3,1,0.16,False
-17,1.03,9,0.16,15,0.23,1,0.54,True
8,0.29,40,0.6,5,0.25,1,0.14,True
13,1.83,73,1.3,9,0.97,1,0.34,False
-3,0.08,28,1.47,14,0.37,1,0.34,True
16,1.65,75,1.84,8,0.47,1,0.57,False
-1,0.97,19,1.21,7,0.47,1,0.28,False
-10,0.57,4,1.84,-0,-0.01,1,0.06,True
-11,0.93,71,2.88,13,0.9,1,0.57,True
5,0.5,58,2.07,9,0.02,1,0.11,True
-13,1.44,23,-1.43,14,0.24,1,0.44,False
-4,0.04,13,2.09,8,0.1,1,0.7,False
-4,0.96,59,1.99,7,0.06,1,0.93,True
13,0.45,27,1.07,9,0.08,1,0.89,False
-1,0.19,19,1.36,5,0.6,1,0.1,False
-9,0.59,35,2.52,4,0.1,1,0.08,True
15,0.54,27,-1.13,8,0.45,1,0.75,True
3,1.19,62,1.81,6,0.26,1,0.78,True
1,0.18,20,1.14,14,0.46,1,0,True
10,1.16,16,-1.59,14,0.67,1,0.15,False
-16,2.07,16,-3.07,11,0.43,1,0.22,False
-4,0.21,54,1.44,9,0.74,1,0.32,True
-9,1.52,65,2.26,9,0.85,1,0.77,True
-1,1.09,66,1.68,0,1.04,1,0.66,True
7,0.04,62,3.62,8,0.59,1,0.09,True
15,1.73,69,-0.95,2,0.92,1,0.92,False
14,0.77,13,-1.33,13,0.58,1,0.51,True
-3,0.01,48,2.71,12,0.12,1,0.45,True
-12,1.26,3,-1.33,11,0.6,1,0.29,False
-8,1.69,7,-2.08,11,0.8,0,0.01,False
16,1.88,35,-2.92,14,0.61,1,0.54,False
12,0.01,13,0.95,13,0.73,1,0.76,True
3,0.21,26,1.86,12,0.78,1,0.06,False
11,1.1,4,-1.58,8,0.48,1,0.8,True
2,1.56,19,-1.92,14,0.79,1,0.73,False
0,0.87,31,1.56,2,0.84,1,0.31,False
11,0.26,66,2.21,14,0.88,1,0.3,True
-13,0.46,17,1.05,1,0.38,1,0.85,False
-14,1.33,18,-1.29,6,1.01,1,0.66,False
-12,0.95,17,0.1,2,0.6,1,0.43,False
-1,0.37,20,1.28,13,0.41,1,0.03,True
-7,1.07,16,-1.05,10,0.36,1,0.73,False
11,1.85,10,-3.08,10,0.28,1,0.6,False
10,0.29,25,0.93,0,0.58,1,0.35,False
1,0.94,8,-1.09,7,0.3,1,0.23,False
9,2.01,12,-3.43,7,0.55,0,0.36,False
14,1.32,48,-1.24,5,0.27,1,0.89,True
-19,0.05,43,1.48,2,0.41,1,0.38,True
7,0.41,56,2.36,4,0.26,1,0.08,True
-1,0.54,36,1.05,6,0.3,1,0.47,False
-15,0.58,7,0.57,7,0.4,1,0.14,True
-8,0.02,75,4.26,0,0.3,1,1.05,True
9,1.19,32,-1.25,9,0.82,1,0.85,False
-5,1.6,16,-1.84,13,0.75,1,0.15,True
-8,0.87,13,0.79,15,0.97,1,0.23,False
-10,0.68,4,1.1,11,0.26,1,0.36,True
-18,0.44,3,1.66,5,0.44,1,0.92,False
-11,1.54,15,-1.66,10,0.1,1,0.89,True
-18,1.11,30,0.84,4,0.88,1,0.88,True
-14,1.32,66,2.12,14,0.31,1,0.45,True
17,0.76,0,-1.65,8,0.37,1,0.18,False
-14,0.9,67,3.17,8,0.16,1,0.46,True
-16,0.71,4,2.33,13,0.95,1,0.22,False
16,0.73,25,-1.29,15,0.48,1,0.3,True
10,0.84,9,-1.24,8,0.15,1,0.24,False
-6,0.17,4,2.29,10,0.86,1,0.18,False
18,0.88,21,-1.54,7,-0,1,0.4,False
11,1.57,8,-2.22,14,0.16,1,0.34,False
2,0.7,25,1.52,10,0.36,0,0.86,False
-16,1.18,28,1.7,4,0.69,1,0.05,False
5,0.39,62,2.53,7,0.93,1,0.71,True
10,0.94,68,2.02,15,0.07,1,0.26,True
10,0.21,32,1.52,2,0.02,1,0.78,False
-18,0.63,35,1.08,5,0.81,1,0.26,False
-17,1.45,10,-1.63,8,0.8,1,0.66,False
-5,0.91,26,0.68,11,0.63,1,0.86,True
-17,1.36,15,-1.3,14,0.91,1,0.74,False
15,1.66,60,-1.39,13,0.31,1,0.47,True
-1,1.15,20,-1.16,5,0.15,1,0.88,False
-14,1.08,76,3.81,5,0.11,1,0.54,True
20,1.48,48,-1.82,9,0.56,1,0.56,True
18,1.1,36,-1.53,8,0.67,1,0.68,False
1,0.62,57,1.84,8,0.79,1,0.86,True
-8,0.33,26,1.58,2,0.82,1,0.15,False
7,0.79,64,2.3,1,-0.04,1,0.21,True
8,1.82,29,-2.54,5,0.26,1,0.81,False
10,0.44,14,-0.9,4,0.2,1,0.83,False
-11,1.56,21,-1.74,12,0.04,1,0.05,False
5,0.21,56,2.02,1,0.47,1,0.74,True
-16,0.28,69,3.25,13,0.82,1,0.55,True
-10,1.96,35,-2.6,4,0.88,1,0.74,False
-19,0.79,16,1.98,6,0.4,1,0.44,False
6,0.71,20,1.54,5,0.55,1,0.64,False
-15,1.97,17,-2.95,4,0.12,1,0.25,False
-16,0.44,46,2.97,12,0.08,1,0.69,True
-13,0.28,11,1.73,6,0.77,1,0.34,False
8,1.23,13,-1.57,8,0.89,1,0.52,True
0,0.89,6,-1.04,13,0.42,1,0.9,True
16,0.46,67,2.67,3,0.87,1,0.72,True
-10,0,20,1.98,7,0.96,1,0.36,True
-21,0.85,30,0.97,5,0.26,1,0.81,False
15,1.73,43,-2.38,5,0.12,1,0.07,False
1,1.01,48,1.15,11,0.19,1,0.57,True
16,1.05,62,2.3,9,0.72,1,0.15,False
-19,1.14,17,-0.95,15,0.54,1,0.87,True
-15,0.28,52,2.17,11,0.08,1,0.68,True
-15,2,30,-2.79,2,0.09,1,0.99,False
20,1.74,46,-2.62,4,0.55,1,0.37,False
10,0.83,1,-1.35,10,0.83,1,0.04,True
-4,0.68,12,1.01,-0,0.47,1,0.35,False
-11,1.84,12,-2.52,7,0.83,1,0.53,False
17,1.87,13,-3.39,12,0.03,1,0.9,False
-0,0.75,64,2.75,1,0.65,1,0.65,True
-2,0.15,22,2.16,14,0.55,1,0.43,False
-4,0.5,7,1.84,-1,0.36,1,0.42,False
-4,0.99,15,-0.93,14,0.62,1,0.78,False
4,1.66,8,-2.28,13,0.16,1,0.81,False
-19,1.02,61,2.44,13,0.71,1,0.87,True
14,0.75,48,1.94,8,0.26,1,0.3,True
7,1.35,40,-1.27,8,0.73,1,0.71,True
-11,0.37,57,2.56,2,0.76,1,0.23,True
8,1.63,65,1,12,0.68,1,0.77,True
-11,0.28,53,1.74,8,0.37,1,0.13,True
16,1.31,5,-2.17,1,0.71,1,0.53,False
14,1.39,15,-2,2,0.14,1,0.41,False
-3,1.05,7,-1.03,12,0.02,1,0.51,False
-13,1.29,56,2.18,11,0.11,1,0.53,True
-10,0.18,64,2.43,10,0.7,1,0.07,True
9,1.54,13,-2.03,5,0.87,1,0.57,False
0,0.72,63,2.48,3,0.15,1,0.11,True
10,1.83,0,-3.01,3,0.31,1,0.24,False
-19,1.34,14,-1.33,1,0.16,1,0.25,False
-12,0.44,68,1.64,1,-0.03,1,0.93,True
-6,0.17,29,0.6,10,0.67,1,0.66,True
20,1.45,68,1.82,12,0.81,1,0.37,False
-14,0.01,15,2.45,3,0.47,1,0.29,False
-18,0.35,17,1.24,15,0.78,1,0.52,False
18,0.12,65,2.63,11,0.19,1,0.07,True
-3,1.11,21,-1.12,10,0.56,1,0.52,True
-1,0.18,32,2.05,1,0.21,1,0.1,True
-10,0.51,11,1.6,11,0.18,1,0.67,False
-14,0.32,27,1.08,0,0.21,1,0.98,False
11,1.94,40,-2.78,2,0.05,1,0.57,False
-3,0.6,56,3.21,15,0.31,1,0.77,True
1,1.28,1,-1.48,10,0.6,1,0.21,False
-11,1.28,25,-1.03,7,-0.1,1,0.32,False
-11,1.12,31,1.06,10,0.74,1,0.12,False
14,0.39,63,2.07,9,0.67,1,0.09,True
-10,0.94,52,1.85,14,0.03,1,0.79,True
3,1.59,31,-1.93,-0,0.89,1,0.88,False
4,1.49,22,-1.64,13,0.32,1,0.36,False
6,1.83,63,-1.31,3,0.84,1,0.11,True
-16,0.3,16,2.7,1,0.74,1,0.94,True
7,1.13,17,-1.45,11,0.69,1,0.4,True
5,0.93,25,-1.08,2,0.78,1,0.44,False
18,0.02,70,3.06,6,0.01,1,1.01,True
17,0.74,46,1.31,-0,0.44,1,0.72,False
12,1.61,46,-1.75,0,0.37,1,0.26,True
2,0.7,2,-1,5,0.12,1,0.26,False
-18,1.88,12,-2.59,14,0.91,1,0.06,False
-3,1.39,54,1.1,6,0.87,1,0.9,True
4,1.12,62,2.24,11,0.93,1,0.57,True
6,1.42,19,-1.71,7,0.89,1,0.36,False
12,0.58,76,3.26,6,0.71,1,0.56,True
11,1.35,51,1.13,12,0.08,1,0.6,True
-6,0.39,15,1.27,4,0.61,1,0.56,False
-4,0.8,37,1,8,0.32,1,0.78,False
16,0.91,2,-1.69,11,0.2,1,0.43,False
-9,0.64,54,1.35,9,0.3,1,0.12,True
-10,0.36,20,0.69,2,0.47,1,0.1,False
6,1.77,61,-1.31,14,0.89,1,0.39,False
9,1.56,59,1.37,10,0.36,1,0.2,True
12,1.13,58,0.78,12,0.68,1,0.93,True
8,0.1,9,0.8,8,0.71,1,0.79,True
18,1.5,49,-1.64,3,0.7,1,0.08,True
-2,0.96,7,-0.98,8,0.96,1,0.2,True
-4,1.46,6,-1.63,9,-0.05,1,0.33,False
-3,1.39,26,-1.44,14,0.88,1,0.26,True
1,0.54,14,0.78,14,0.47,1,0.39,False
9,0.48,21,0.19,15,0.85,0,0.86,True
10,1.33,53,0.96,6,0.45,1,0.53,False
17,0.85,25,-1.42,10,0.36,1,0.41,True
5,0.86,78,3.17,10,0.34,1,0.71,True
-8,1.71,4,-2.32,9,0.91,1,0.97,False
18,0.69,28,-1.37,4,0.03,1,0.36,False
3,0.05,16,1.77,13,0.68,1,0.47,False
-19,0.62,18,2.25,13,0.07,1,0.16,True
-6,0.18,62,3.21,7,0.72,1,0.7,True
-1,1.85,14,-2.69,2,0.25,1,0.49,False
17,1.66,20,-2.62,3,0.35,1,0.03,False
8,1.07,57,0.73,15,0.32,1,0.5,True
15,1.09,30,-1.42,13,0.85,1,0.18,True
-15,0.38,43,1.99,7,0.47,1,0.01,True
11,1.55,20,-2.18,6,0.88,1,0.31,False
14,1.4,3,-2.27,12,0.35,1,0.59,False
-10,0.2,3,2.12,5,0.25,1,0.68,False
7,0.65,11,-0.95,7,0.77,1,0.67,True
7,0.37,50,2.24,6,0.29,1,0.73,False
-15,1.83,60,-1.1,9,0.46,1,0.23,True
-21,1.36,64,1.23,3,0.69,1,0.8,True
3,1.14,51,1.48,11,0.92,1,0.21,False
-2,0.54,63,2.82,14,0.71,1,0.22,True
10,1.23,33,-1.16,7,0.16,1,0.77,True
19,1.2,41,-1.54,13,0.2,1,0.11,False
20,0.23,22,-1.33,2,0.17,1,0.56,True
0,1.86,51,-1.73,9,0.22,1,0.95,False
-16,0.73,11,1.43,9,0.45,1,0.85,False
-15,0.16,61,2.81,6,0.72,1,0.69,True
3,1.7,7,-2.4,8,0.57,1,0.79,False
-17,1.48,15,-1.53,10,0.58,1,0.57,True
-6,1.68,10,-2.22,2,0.94,1,0.91,False
-0,1.19,10,-1.33,14,0.13,1,0.17,False
-19,1.93,51,-1.83,3,0.1,1,0.5,False
-4,1.39,5,-1.6,11,0.64,1,0.74,False
-12,0.35,44,1.15,15,0.47,1,0.59,True
-12,1.12,3,-1.11,12,0.38,1,0.04,False
-5,1.49,16,-1.6,5,0.31,1,0.4,True
-14,1.71,76,2.53,7,0.36,1,0.88,True
-4,1.12,23,-1.21,5,0.99,1,0.17,False
-11,1.44,41,-1.17,0,1,1,0.68,False
16,1.29,60,1.21,12,0.94,1,0.41,False
-6,0.56,14,0.64,13,-0.01,1,0.87,False
11,1.86,58,-1.87,9,0.21,1,0.06,False
-7,1.72,51,-1.49,5,0.57,1,0.38,True
-5,0.59,17,2.47,12,0.45,1,0.88,False
8,1.87,55,-1.96,2,0.15,1,0.13,False
11,1.86,19,-2.94,9,0.68,1,0.29,False
-13,1.22,16,-1.18,14,0.99,1,0.96,False
8,0.32,41,1.83,5,0.33,1,0.8,False
3,0.53,16,0.14,12,0.03,1,0.03,True
10,1.78,29,-2.5,12,0.47,1,0.81,False
9,1.82,68,-1.17,0,0.3,1,0.53,True
-20,1.72,29,-2.03,1,0.77,1,0.95,False
5,0.12,63,1.75,12,0.9,1,0.87,True
11,0.66,23,-1.12,2,0.27,1,0.19,False
19,0.36,72,1.95,14,0.12,1,0.35,True
19,1.54,40,-2.23,4,0.02,1,0.08,False
-12,0.15,1,2.39,12,0.8,1,0.07,False
-11,1.32,47,0.8,1,0.12,1,0.34,True
11,0.89,31,-0.98,5,0.56,1,1.01,True
-1,0.04,57,1.94,14,0.43,1,0.74,True
-13,0.5,34,2.46,7,0.83,1,0.5,True
1,0.59,8,1,9,0.61,1,0.33,False
7,1.3,7,-1.58,8,0.18,1,0.6,True
-2,1.37,19,-1.34,-0,0.19,1,0.89,True
-5,0.81,20,1.79,10,0.13,1,0.63,False
-10,1.42,13,-1.51,0,0.56,1,0.04,False
9,1.48,13,-1.95,5,0.36,1,0.62,False
1,1.94,0,-2.99,7,0.06,1,0.96,False
-16,0.02,10,0.78,14,0.89,1,0.13,False
5,1.24,68,2.74,8,0.79,1,0.99,True
-14,0.81,48,1.87,10,0.36,1,0.57,True
-2,1.59,48,-1.28,3,0.46,1,0.09,True
1,0.41,6,0.28,2,0.49,1,0.92,False
-7,1.79,66,0.75,5,0.59,1,0.15,False
10,0.81,7,-1.25,15,0.76,1,0.28,True
-15,0.06,34,1.82,7,0.63,1,0.83,True
8,1.48,22,-1.82,4,1.03,1,0.6,False
-2,1.53,24,-1.7,13,0.08,1,0.57,False
12,0.1,57,2.72,8,0.3,1,0.64,True
-5,0.08,15,1.21,13,0.06,1,0.65,True
-2,0.34,20,0.97,4,0.25,1,0.35,True
13,0.35,8,-1.17,11,0.11,1,0.22,False
7,0.66,42,1,4,0.68,1,0.79,True
10,0.02,50,2.54,6,0.66,1,0.69,True
-2,0.63,69,3.5,8,0.55,1,0.5,True
-12,0.53,13,1.93,15,0.54,1,0.04,False
-15,1.9,43,-2.12,12,0.53,1,0.48,False
16,0.88,7,-1.69,5,0.95,1,0,False
12,0.49,32,1.3,2,0.38,1,0.09,False
-12,0.2,10,1.75,2,0.07,1,0.27,True
14,0.46,62,1.95,14,0.29,1,0.08,True
10,1.86,54,-1.97,11,0.76,1,0.78,False
-18,1.42,63,2.3,5,0.76,1,0.55,True
-3,1.27,24,-1.25,14,0.85,1,1.02,False
4,1.8,22,-2.5,13,0.33,1,0.31,False
-18,0.31,32,0.92,8,0.45,1,0.96,False
-10,1.55,35,-1.43,12,0.16,1,0.57,False
-7,1.82,44,-1.97,5,0.86,1,0.69,False
-4,0.68,5,0.99,11,0.71,1,0.6,False
7,1.95,25,-2.98,12,0.31,1,0.28,False
-7,0.74,69,3.97,11,0.6,1,0.72,True
-19,0.09,7,1.96,10,0.59,1,0.75,False
18,1.35,17,-2.02,16,0.47,1,0.89,True
18,0.76,26,-1.43,7,0.62,1,0.2,True
0,1.47,19,-1.64,4,0.87,1,0.44,False
-13,1.68,11,-2.15,6,0.56,1,0.1,False
10,1.2,48,1.66,8,0.84,1,1.01,True
15,1,21,-1.47,11,0.7,1,0.83,True
-8,0.09,27,1.59,11,0.95,1,0.89,True
-16,1.28,20,-1.06,-1,0.83,0,0.48,False
-11,0.62,1,1.06,10,0.03,1,0.77,False
-21,1.39,40,1.17,9,0.51,1,0.77,False
20,1.98,57,-2.6,11,0.2,1,0.56,False
7,1.21,8,-1.43,6,0.69,1,0.44,False
9,1.91,17,-2.92,9,0.88,1,0.97,False
13,0.53,36,1.59,13,0.09,1,0.42,True
-19,0.95,18,1.65,8,0.15,1,0.98,False
-20,0.71,35,1.31,2,0.03,1,0.74,False
-17,1.23,72,2.1,3,0.82,1,0.45,True
5,1.52,40,-1.4,3,0.46,1,0.55,True
-11,0.8,20,1.88,5,0.42,1,0.51,False
7,1.05,9,-1.36,1,0.71,1,0.48,False
4,0.38,59,2.52,13,0.28,1,0.85,True
9,0.48,55,2.96,4,0.27,1,0.75,True
17,0.83,6,-1.71,8,0.32,1,0.84,True
-10,0.91,13,0.88,10,0.06,1,0.37,True
15,1.48,72,1.88,14,0.74,1,0.68,True
17,0.37,30,-1.12,3,0.32,1,0.04,False
-1,1.72,67,1.79,0,0.49,1,0.06,False
13,0.48,29,1.7,2,0.64,1,0.14,False
19,0.26,1,-1.45,3,1.04,1,0.64,False
-6,0.74,13,0.55,11,0.12,1,0.08,True
-20,0.74,60,2.83,2,0.22,1,0.88,True
11,0.05,37,1.61,13,0.31,1,0.29,True
4,0.39,21,0.57,11,0.92,1,0.28,False
-4,0.06,73,3.82,5,0.69,1,0.19,True
-8,1.4,9,-1.58,10,0.2,1,0.56,True
-10,1.42,62,1.68,6,0.93,1,0.87,True
18,0.8,16,-1.6,11,1,1,0.01,True
6,1.37,52,2.01,2,0.9,1,0.71,True
9,0.16,15,0.82,8,0.25,1,0.59,False
10,0.11,13,2.33,11,0.87,1,0.42,False
-18,0.94,21,1,9,0.3,1,0.92,False
-16,0.07,37,2.3,13,0.03,1,0.11,True
-10,1.79,21,-2.3,13,0.48,1,0.12,False
-2,1.99,2,-3.15,9,0.44,1,0.14,False
9,0.47,5,-1.02,5,0.12,1,0.42,False
4,1.34,32,-1.42,3,0.63,1,0.04,True
11,1.72,60,-1.35,3,0.06,1,0.19,False
1,0.59,20,0.67,8,0.68,1,0.2,False
11,1.08,32,-1.24,7,0.36,1,0.06,False
-18,0.79,9,0.94,8,0.45,1,0.26,False
-4,0.31,46,2.05,8,0.2,1,0.64,True
9,1.72,44,-2.02,9,0.05,1,0.86,True
-3,0.75,42,1.06,-0,-0.04,1,0.67,False
7,0.58,1,-1.08,4,0.42,1,0.81,True
-8,1.58,23,-1.68,8,0.33,1,0.63,False
1,1.39,39,-1.11,8,0.39,1,0.9,True
-6,1.77,63,0.16,11,0.4,1,0.68,False
-11,0.52,23,1.32,12,0.34,1,0.23,True
-11,1.85,23,-2.34,2,0.32,1,0.98,False
18,0.49,73,2.31,4,0.67,1,0.01,True
15,1.41,28,-2,4,0.37,1,0.57,False
-5,0.23,23,1.42,13,0.81,1,0.02,False
-1,1.69,29,-1.99,10,0.89,1,0,True
-17,1.51,3,-1.68,7,0.3,1,0.99,True
9,0.23,34,1.19,7,0.38,1,0.06,True
-8,0.09,43,1.54,14,1.02,1,0.81,True
-7,0.59,16,1.25,9,0.08,1,0.13,True
15,0.61,20,-1.27,15,0.31,1,0.87,False
19,0.5,35,-1.26,-1,-0.01,1,0.11,False
-16,0.78,45,2.21,2,0.62,1,0.58,True
-13,0.26,64,3.27,2,0,1,0.52,True
8,1.31,62,1.45,14,0.25,1,0.72,True
18,1.05,7,-1.88,12,1,1,0.18,True
-11,2.14,61,-2.04,6,0.56,1,0.12,False
-11,0.74,19,0.69,11,0.59,1,0.49,False
-7,0.31,43,1.83,14,0.12,1,1,True
2,1.51,2,-1.76,10,0.74,1,0.09,True
-13,0.12,10,2.08,0,0.1,1,0.35,True
-10,1.74,4,-2.37,5,0.71,1,0.61,False
-18,1.33,66,2.09,4,0.26,1,0.36,True
15,0.34,23,-1.23,-0,0.88,1,0.03,False
